pass_,kl_coef,run,start,data,kl_ref,a1_unsafe,a1_safe,a2_unsafe,a2_safe,wgmix_safe_a1,wgmix_unsafe_a1,bench_agg_f1,f1_AegisSafetyTest,f1_BeaverTails,f1_OAI_Moderation,f1_SafeRLHF,f1_ToxicChat,f1_XSTest,toxicchat_fp,toxicchat_fn,oai_fp,oai_fn,train_loss_last,kl_last,log_dir
baseline,,original,-,-,-,0.0,0.529,0.0088,0.3043,1.0,1.0,0.8133333333333334,0.89,0.77,0.73,0.92,0.62,0.95,72,3,356,22,,,logs/kl_protocol/bench_wildguard_baseline.log
pass A: kl_coef 0.5 (too strong),,r1_kl0,original,A1,none,0.8014,0.8452,0.2478,0.3043,1.0,1.0,0.8116666666666666,0.89,0.77,0.74,0.92,0.59,0.96,73,6,286,46,0.0221,,logs/kl_protocol/wg_kl_r1_kl0
pass A: kl_coef 0.5 (too strong),0.5,r1_kl,original,A1,original,0.0959,0.5419,0.0088,0.313,1.0,1.0,0.81,0.88,0.77,0.73,0.92,0.6,0.96,77,3,346,24,0.1316,0.00097,logs/kl_protocol/wg_kl_r1_kl
pass A: kl_coef 0.5 (too strong),0.5,r2_kl,original,A2,original,0.0205,0.5355,0.4248,0.2957,1.0,1.0,0.81,0.89,0.77,0.72,0.92,0.6,0.96,77,3,362,23,0.1424,0.03309,logs/kl_protocol/wg_kl_r2_kl
pass A: kl_coef 0.5 (too strong),0.5,r5_mix,original,A1+A2,original,0.1301,0.5484,0.3894,0.2957,1.0,1.0,0.8116666666666666,0.88,0.77,0.73,0.93,0.61,0.95,72,4,339,25,0.099,0.0,logs/kl_protocol/wg_kl_r5_mix
sweep: kl_coef 0.01,0.01,r1_kl,original,A1,original,0.7808,0.8387,0.1947,0.3217,1.0,1.0,0.8116666666666666,0.89,0.77,0.74,0.93,0.59,0.95,76,5,285,43,0.0331,0.00986,logs/kl_sweep_c0.01/wg_klc0.01_r1_kl
sweep: kl_coef 0.2,0.2,r1_kl,original,A1,original,0.4932,0.5484,0.2035,0.3043,1.0,1.0,0.8133333333333334,0.88,0.77,0.73,0.93,0.61,0.96,75,3,332,30,0.1011,0.00097,logs/kl_sweep_c0.2/wg_klc0.2_r1_kl
"pass B: kl_coef 0.05, KL on all rows",,r1_kl0,original,A1,none,0.8014,0.8452,0.2478,0.3043,1.0,1.0,0.8116666666666666,0.89,0.77,0.74,0.92,0.59,0.96,73,6,286,46,0.0221,,logs/kl_sweep_c0.05/wg_klc0.05_r1_kl0
"pass B: kl_coef 0.05, KL on all rows",0.05,r1_kl,original,A1,original,0.7466,0.7613,0.2301,0.3217,1.0,1.0,0.8133333333333334,0.89,0.77,0.74,0.93,0.6,0.95,76,4,293,43,0.059,0.00133,logs/kl_sweep_c0.05/wg_klc0.05_r1_kl
"pass B: kl_coef 0.05, KL on all rows",0.05,r2_kl,original,A2,original,0.0,0.7484,0.9735,0.6348,1.0,1.0,0.7999999999999999,0.89,0.77,0.72,0.93,0.54,0.95,90,6,360,22,0.07,0.31279,logs/kl_sweep_c0.05/wg_klc0.05_r2_kl
"pass B: kl_coef 0.05, KL on all rows",0.05,r5_mix,original,A1+A2,original,0.7603,0.7871,0.9646,0.7652,1.0,1.0,0.8066666666666666,0.88,0.77,0.74,0.93,0.57,0.95,83,5,296,41,0.047,-0.0,logs/kl_sweep_c0.05/wg_klc0.05_r5_mix
"pass B: kl_coef 0.05, KL on all rows",0.05,r3a,r1_kl-merged,A2,original,0.7877,0.8,0.9204,0.4435,1.0,1.0,0.7999999999999999,0.9,0.77,0.73,0.93,0.51,0.96,111,4,324,40,0.0815,0.15933,logs/kl_sweep_c0.05/wg_klc0.05_r3a
"pass B: kl_coef 0.05, KL on all rows",0.05,r3b,r1_kl-merged,A2,r1_kl (previous),0.7055,0.9097,0.9381,0.9304,1.0,1.0,0.7916666666666666,0.89,0.77,0.71,0.93,0.49,0.96,118,5,305,69,0.0288,0.24327,logs/kl_sweep_c0.05/wg_klc0.05_r3b
"pass B: kl_coef 0.05, KL on all rows",0.05,r4a,r2_kl-merged,A1,original,0.726,0.6581,0.9646,0.6609,1.0,1.0,0.8016666666666667,0.88,0.77,0.73,0.93,0.55,0.95,89,5,324,32,0.0805,4e-05,logs/kl_sweep_c0.05/wg_klc0.05_r4a
"pass B: kl_coef 0.05, KL on all rows",0.05,r4b,r2_kl-merged,A1,r2_kl (previous),0.6438,0.8903,0.9558,0.7043,1.0,1.0,0.8016666666666667,0.89,0.77,0.73,0.93,0.54,0.95,91,6,322,32,0.0578,0.02217,logs/kl_sweep_c0.05/wg_klc0.05_r4b
"pass C: kl_coef 0.5, KL only on WildGuardMix rows (+ no-KL sequential controls)",,r1_kl0,original,A1,none,0.8014,0.8452,0.2478,0.3043,1.0,1.0,0.8116666666666666,0.89,0.77,0.74,0.92,0.59,0.96,73,6,286,46,0.0221,,logs/kl_wgonly_c0.5/wg_klwg0.5_r1_kl0
"pass C: kl_coef 0.5, KL only on WildGuardMix rows (+ no-KL sequential controls)",0.5,r1_kl,original,A1,original,0.7945,0.8581,0.3717,0.2957,1.0,1.0,0.81,0.89,0.77,0.73,0.93,0.59,0.95,77,4,311,40,0.0222,0.0,logs/kl_wgonly_c0.5/wg_klwg0.5_r1_kl
"pass C: kl_coef 0.5, KL only on WildGuardMix rows (+ no-KL sequential controls)",0.5,r2_kl,original,A2,original,0.0,0.7548,0.9735,0.6696,1.0,1.0,0.7999999999999999,0.89,0.77,0.72,0.93,0.55,0.94,88,6,361,21,0.0344,1e-05,logs/kl_wgonly_c0.5/wg_klwg0.5_r2_kl
"pass C: kl_coef 0.5, KL only on WildGuardMix rows (+ no-KL sequential controls)",0.5,r5_mix,original,A1+A2,original,0.8356,0.8258,0.9558,0.8696,1.0,1.0,0.8033333333333333,0.89,0.77,0.74,0.92,0.55,0.95,89,6,292,46,0.0211,0.0,logs/kl_wgonly_c0.5/wg_klwg0.5_r5_mix
"pass C: kl_coef 0.5, KL only on WildGuardMix rows (+ no-KL sequential controls)",0.5,r3a,r1_kl-merged,A2,original,0.7329,0.8968,0.9292,0.9652,1.0,1.0,0.8033333333333333,0.89,0.77,0.73,0.92,0.56,0.95,88,5,285,56,0.0127,0.0,logs/kl_wgonly_c0.5/wg_klwg0.5_r3a
"pass C: kl_coef 0.5, KL only on WildGuardMix rows (+ no-KL sequential controls)",0.5,r3b,r1_kl-merged,A2,r1_kl (previous),0.7945,0.871,0.9646,0.9217,1.0,1.0,0.8016666666666667,0.9,0.77,0.72,0.93,0.54,0.95,97,4,303,55,0.0101,0.0,logs/kl_wgonly_c0.5/wg_klwg0.5_r3b
"pass C: kl_coef 0.5, KL only on WildGuardMix rows (+ no-KL sequential controls)",0.5,r4a,r2_kl-merged,A1,original,0.7945,0.8581,0.8142,0.8522,1.0,1.0,0.8033333333333333,0.88,0.77,0.74,0.93,0.56,0.94,81,7,315,32,0.0382,0.0,logs/kl_wgonly_c0.5/wg_klwg0.5_r4a
"pass C: kl_coef 0.5, KL only on WildGuardMix rows (+ no-KL sequential controls)",0.5,r4b,r2_kl-merged,A1,r2_kl (previous),0.8014,0.8516,0.8938,0.8522,1.0,1.0,0.8033333333333333,0.89,0.77,0.74,0.93,0.55,0.94,84,7,321,32,0.0388,0.0,logs/kl_wgonly_c0.5/wg_klwg0.5_r4b
"pass C: kl_coef 0.5, KL only on WildGuardMix rows (+ no-KL sequential controls)",,r2_kl0,original,A2,none,0.0,0.8323,0.9735,0.6522,1.0,1.0,0.8016666666666667,0.89,0.77,0.73,0.93,0.55,0.94,89,6,347,24,0.0344,,logs/kl_wgonly_c0.5/wg_klwg0.5_r2_kl0
"pass C: kl_coef 0.5, KL only on WildGuardMix rows (+ no-KL sequential controls)",,r3_kl0,r1_kl0-merged,A2,none,0.774,0.8323,0.9204,0.9478,1.0,0.9938,0.7833333333333333,0.9,0.77,0.68,0.91,0.49,0.95,109,7,267,118,0.0082,,logs/kl_wgonly_c0.5/wg_klwg0.5_r3_kl0
"pass C: kl_coef 0.5, KL only on WildGuardMix rows (+ no-KL sequential controls)",,r4_kl0,r2_kl0-merged,A1,none,0.8082,0.8452,0.9204,0.8087,1.0,1.0,0.7999999999999999,0.89,0.77,0.73,0.93,0.54,0.94,87,7,315,36,0.037,,logs/kl_wgonly_c0.5/wg_klwg0.5_r4_kl0
